{
  "project_info": {
    "project_number": "123456789012",
    "project_id": "petagram-firebase-dummy",
    "storage_bucket": "petagram-firebase-dummy.appspot.com"
  },
  "client": [
    {
      "client_info": {
        "mobilesdk_app_id": "1:123456789012:android:abcdef123456",
        "android_client_info": {
          "package_name": "com.petagram"
        }
      },
      "oauth_client": [],
      "api_key": [
        {
          "current_key": "YOUR_FIREBASE_API_KEY"
        }
      ],
      "services": {
        "appinvite_service": {
          "other_platform_oauth_client": []
        }
      }
    }
  ],
  "configuration_version": "1"
}